{
    "algorithm": "sarsa",
    "statistics": {
        "mean_reward": -100.00023618765776,
        "std_reward": 102.78196163970591,
        "max_reward": 302.02925099517785,
        "min_reward": -621.3722715503981,
        "final_100_episodes_mean": -94.65781902265422,
        "q_table_size": 7144
    },
    "parameters": {
        "learning_rate": 0.1,
        "discount_factor": 0.99,
        "epsilon_start": 1.0,
        "epsilon_decay": 0.997,
        "epsilon_min": 0.01,
        "n_bins": 8,
        "name": "Custom"
    }
}