{
    "algorithm": "q_learning",
    "statistics": {
        "mean_reward": -94.36767347955325,
        "std_reward": 140.81507969493575,
        "max_reward": 286.23535088261127,
        "min_reward": -457.63372691046186,
        "final_100_episodes_mean": -45.279870239612016,
        "q_table_size": 2093
    },
    "parameters": {
        "learning_rate": 0.1,
        "discount_factor": 0.99,
        "epsilon_start": 1.0,
        "epsilon_decay": 0.997,
        "epsilon_min": 0.01,
        "n_bins": 8,
        "name": "Custom"
    }
}