{
    "algorithm": "q_learning",
    "statistics": {
        "mean_reward": -134.1950512089581,
        "std_reward": 104.716018008705,
        "max_reward": 300.43791209612084,
        "min_reward": -679.3179680133023,
        "final_100_episodes_mean": -116.76606360116409,
        "q_table_size": 12221
    },
    "parameters": {
        "learning_rate": 0.05,
        "discount_factor": 0.99,
        "epsilon_start": 1.0,
        "epsilon_decay": 0.999,
        "epsilon_min": 0.05,
        "n_bins": 10,
        "name": "Custom"
    }
}